line_number,graph_section,raw_line,raw_edge_string,chr1,pos1,strand1,chr2,pos2,strand2,copy_number,edge_type,average_coverage,size,number_reads_mapped,number_of_read_pairs,homology_size,homology_or_insertion_sequence
2,SequenceEdge,sequence	chr7:54729879-	chr7:54743010+	3.0315949840827887	1.76666704323	13131	464,chr7:54729879-->chr7:54743010+,chr7,54729879,-,chr7,54743010,+,3.0315949840827887,sequence,1.76666704323,13131.0,464.0,,,
3,SequenceEdge,sequence	chr7:54743011-	chr7:54830971+	3.313980511857577	1.53305730656	87960	2697,chr7:54743011-->chr7:54830971+,chr7,54743011,-,chr7,54830971,+,3.313980511857577,sequence,1.53305730656,87960.0,2697.0,,,
4,SequenceEdge,sequence	chr7:54830972-	chr7:55194959+	116.20461012892308	57.4077561974	363987	417917,chr7:54830972-->chr7:55194959+,chr7,54830972,-,chr7,55194959,+,116.20461012892308,sequence,57.4077561974,363987.0,417917.0,,,
5,SequenceEdge,sequence	chr7:55194960-	chr7:55220100+	3.1672942002803723	1.49754550915	25140	753,chr7:55194960-->chr7:55220100+,chr7,55194960,-,chr7,55220100,+,3.1672942002803723,sequence,1.49754550915,25140.0,753.0,,,
6,SequenceEdge,sequence	chr7:55220101-	chr7:55222712+	3.1801029397747382	1.53138509344	2611	80,chr7:55220101-->chr7:55222712+,chr7,55220101,-,chr7,55222712,+,3.1801029397747382,sequence,1.53138509344,2611.0,80.0,,,
7,SequenceEdge,sequence	chr7:55222713-	chr7:55676816+	116.21741886841724	54.61505019	454103	496021,chr7:55222713-->chr7:55676816+,chr7,55222713,-,chr7,55676816,+,116.21741886841724,sequence,54.61505019,454103.0,496021.0,,,
8,SequenceEdge,sequence	chr7:55676817-	chr7:55677805+	16.64394471949196	7.58337562704	988	150,chr7:55676817-->chr7:55677805+,chr7,55676817,-,chr7,55677805,+,16.64394471949196,sequence,7.58337562704,988.0,150.0,,,
9,SequenceEdge,sequence	chr7:55677806-	chr7:56117062+	116.21741886841679	51.5340102227	439256	452736,chr7:55677806-->chr7:56117062+,chr7,55677806,-,chr7,56117062,+,116.21741886841679,sequence,51.5340102227,439256.0,452736.0,,,
10,SequenceEdge,sequence	chr7:56117063-	chr7:56219661+	3.3267892513494672	1.51560092658	102598	3110,chr7:56117063-->chr7:56219661+,chr7,56117063,-,chr7,56219661,+,3.3267892513494672,sequence,1.51560092658,102598.0,3110.0,,,
12,BreakpointEdge,source	chr7:-1-->chr7:54729879-	3.0315949840827896	3	None	None,chr7:-1-->chr7:54729879-,chr7,-1,-,chr7,54729879,-,3.0315949840827896,source,,,,3.0,,
13,BreakpointEdge,concordant	chr7:54743010+->chr7:54743011-	3.0315949840827874	1	None	None,chr7:54743010+->chr7:54743011-,chr7,54743010,+,chr7,54743011,-,3.0315949840827874,concordant,,,,1.0,,
14,BreakpointEdge,concordant	chr7:54830971+->chr7:54830972-	3.3139805118575785	1	None	None,chr7:54830971+->chr7:54830972-,chr7,54830971,+,chr7,54830972,-,3.3139805118575785,concordant,,,,1.0,,
15,BreakpointEdge,concordant	chr7:55194959+->chr7:55194960-	3.1672942002803692	4	None	None,chr7:55194959+->chr7:55194960-,chr7,55194959,+,chr7,55194960,-,3.1672942002803692,concordant,,,,4.0,,
16,BreakpointEdge,source	chr7:-1-->chr7:55220101-	0.012808739500052386	1	None	None,chr7:-1-->chr7:55220101-,chr7,-1,-,chr7,55220101,-,0.012808739500052386,source,,,,1.0,,
17,BreakpointEdge,concordant	chr7:55220100+->chr7:55220101-	3.1672942002803706	2	None	None,chr7:55220100+->chr7:55220101-,chr7,55220100,+,chr7,55220101,-,3.1672942002803706,concordant,,,,2.0,,
18,BreakpointEdge,concordant	chr7:55222712+->chr7:55222713-	3.180102939774744	2	None	None,chr7:55222712+->chr7:55222713-,chr7,55222712,+,chr7,55222713,-,3.180102939774744,concordant,,,,2.0,,
19,BreakpointEdge,concordant	chr7:55676816+->chr7:55676817-	16.643944719492	15	None	None,chr7:55676816+->chr7:55676817-,chr7,55676816,+,chr7,55676817,-,16.643944719492,concordant,,,,15.0,,
20,BreakpointEdge,concordant	chr7:55677805+->chr7:55677806-	16.64394471949196	33	None	None,chr7:55677805+->chr7:55677806-,chr7,55677805,+,chr7,55677806,-,16.64394471949196,concordant,,,,33.0,,
21,BreakpointEdge,concordant	chr7:56117062+->chr7:56117063-	3.3267892513494646	33	None	None,chr7:56117062+->chr7:56117063-,chr7,56117062,+,chr7,56117063,-,3.3267892513494646,concordant,,,,33.0,,
22,BreakpointEdge,source	chr7:-1-->chr7:56219661+	3.3267892513494646	0.0001	None	None,chr7:-1-->chr7:56219661+,chr7,-1,-,chr7,56219661,+,3.3267892513494646,source,,,,0.0001,,
23,BreakpointEdge,source	chr7:-1-->chr7:54743011-	0.2823855277804728	2	None	None,chr7:-1-->chr7:54743011-,chr7,-1,-,chr7,54743011,-,0.2823855277804728,source,,,,2.0,,
24,BreakpointEdge,discordant	chr7:55222713-->chr7:55194959+	113.03731592864814	84	None	None,chr7:55222713-->chr7:55194959+,chr7,55222713,-,chr7,55194959,+,113.03731592864814,discordant,,,,84.0,,
25,BreakpointEdge,discordant	chr7:55677806-->chr7:55676816+	99.57347414893034	17	None	None,chr7:55677806-->chr7:55676816+,chr7,55677806,-,chr7,55676816,+,99.57347414893034,discordant,,,,17.0,,
26,BreakpointEdge,discordant	chr7:56117062+->chr7:54830972-	112.89062961707126	21	None	None,chr7:56117062+->chr7:54830972-,chr7,56117062,+,chr7,54830972,-,112.89062961707126,discordant,,,,21.0,,
